00:1F:9F:BE:37:0B, 2019-03-18 10:53:20, 2019-03-18 10:54:42, 11,  54, WPA2 WPA, CCMP TKIP,PSK, -56,        6,        1,   0.  0.  0.  0,  11, Bbox-18DA12, 
6E:C7:EC:55:31:83, 2019-03-18 10:53:31, 2019-03-18 10:54:17, 11,  54, WPA2, CCMP,PSK, -56,        3,        0,   0.  0.  0.  0,  10, AndroidAP1, 
40:18:B1:97:60:D9, 2019-03-18 10:54:02, 2019-03-18 10:54:02,  6,  54, WPA2, CCMP,PSK, -46,        1,        0,   0.  0.  0.  0,  21, ESME-Sudria Visiteurs, 
40:18:B1:97:60:D8, 2019-03-18 10:54:07, 2019-03-18 10:54:07,  6,  54, WPA2, CCMP,PSK, -48,        0,        0,   0.  0.  0.  0,   3, ESL, 
40:18:B1:97:60:D5, 2019-03-18 10:54:07, 2019-03-18 10:54:07,  6,  54, WPA2, CCMP,PSK, -48,        0,        0,   0.  0.  0.  0,  11, Labo_Reseau, 
40:18:B1:94:C4:D8, 2019-03-18 10:54:07, 2019-03-18 10:54:07, 11,  54, WPA2, CCMP,PSK, -54,        1,        0,   0.  0.  0.  0,   3, ESL, 
40:18:B1:94:C4:D7, 2019-03-18 10:54:07, 2019-03-18 10:54:42, 11,  54, WPA2, CCMP,PSK, -54,        2,        0,   0.  0.  0.  0,  19, ESME-Sudria Invites, 
00:00:00:00:00:00, 2019-03-18 10:53:50, 2019-03-18 10:53:50, -1,  -1, , ,   ,  -1,        0,        0,   0.  0.  0.  0,   0, , 
40:18:B1:97:6B:96, 2019-03-18 10:53:42, 2019-03-18 10:53:42,  1,  54, WPA2, CCMP,PSK, -53,        1,        0,   0.  0.  0.  0,  19, ESME-Sudria Invites, 
40:18:B1:97:6B:99, 2019-03-18 10:53:42, 2019-03-18 10:53:42,  1,  54, WPA2, CCMP,PSK, -55,        1,        0,   0.  0.  0.  0,  21, ESME-Sudria Visiteurs, 
40:18:B1:96:E9:99, 2019-03-18 10:53:31, 2019-03-18 10:53:31, 11,  54, WPA2, CCMP,PSK, -47,        1,        0,   0.  0.  0.  0,  21, ESME-Sudria Visiteurs, 
40:18:B1:96:E9:96, 2019-03-18 10:53:31, 2019-03-18 10:53:31, 11,  54, WPA2, CCMP,PSK, -47,        1,        0,   0.  0.  0.  0,  11, ESME-Sudria, 
40:18:B1:CB:D8:D5, 2019-03-18 10:53:21, 2019-03-18 10:53:21,  6,  -1, WPA, ,   , -57,        0,        1,   0.  0.  0.  0,   0, , 
40:18:B1:96:E9:97, 2019-03-18 10:53:20, 2019-03-18 10:54:42, 11,  54, WPA2, CCMP,PSK, -53,        2,        0,   0.  0.  0.  0,  19, ESME-Sudria Invites, 
EC:8E:B5:08:6F:D4, 2019-03-18 10:53:20, 2019-03-18 10:53:36,  6,  54, WPA2, CCMP,PSK, -46,        1,        0,   0.  0.  0.  0,  31, DIRECT-26-HP OfficeJet Pro 8720, 
40:18:B1:94:C4:EA, 2019-03-18 10:53:36, 2019-03-18 10:53:36, 11,  -1, , ,   ,  -1,        0,        0,   0.  0.  0.  0,   0, , 
6A:4B:AA:03:8C:D0, 2019-03-18 10:53:29, 2019-03-18 10:53:46,  6,  54, WPA2, CCMP,PSK, -52,        2,        0,   0.  0.  0.  0,  19, iPhone de Guillaume, 
46:85:00:79:89:75, 2019-03-18 10:53:26, 2019-03-18 10:53:57,  6,  54, WPA2, CCMP,PSK, -44,        3,        0,   0.  0.  0.  0,  20, DIRECT-WAPTB-AG1msAW, 
68:A3:78:AC:8E:79, 2019-03-18 10:54:11, 2019-03-18 10:54:11, 11,  54, OPN, ,   , -57,        0,        0,   0.  0.  0.  0,   8, FreeWifi, 
E4:5D:51:13:55:D6, 2019-03-18 10:54:23, 2019-03-18 10:54:23,  1,  54, WPA2 WPA, CCMP TKIP,PSK, -57,        1,        0,   0.  0.  0.  0,   7, NadeSfr, 
40:18:B1:CB:D8:D7, 2019-03-18 10:53:31, 2019-03-18 10:54:22, -1,  -1, , ,   , -56,        0,        0,   0.  0.  0.  0,   0, , 
40:18:B1:97:6B:98, 2019-03-18 10:53:42, 2019-03-18 10:54:28,  1,  54, WPA2, CCMP,PSK, -55,        2,        0,   0.  0.  0.  0,  11, Labo_Reseau, 
40:18:B1:CC:17:18, 2019-03-18 10:53:27, 2019-03-18 10:54:28,  1,  54, WPA2, CCMP,PSK, -55,        0,        0,   0.  0.  0.  0,  21, ESME-Sudria Visiteurs, 
14:0C:76:ED:B4:46, 2019-03-18 10:53:19, 2019-03-18 10:54:35,  3,  54, WPA2, CCMP TKIP, MGT, -54,        8,        0,   0.  0.  0.  0,  15, FreeWifi_secure, 
40:18:B1:CC:17:19, 2019-03-18 10:53:47, 2019-03-18 10:54:23,  1,  54, WPA2, CCMP,PSK, -54,        3,        0,   0.  0.  0.  0,  11, Labo_Reseau, 
40:18:B1:CC:17:17, 2019-03-18 10:53:27, 2019-03-18 10:54:23,  1,  54, WPA2, CCMP,PSK, -54,        3,        1,   0.  0.  0.  0,  11, ESME-Sudria, 
40:18:B1:CC:17:15, 2019-03-18 10:53:42, 2019-03-18 10:54:33,  1,  54, WPA2, CCMP,PSK, -54,        0,       22,   0.  0.  0.  0,   3, ESL, 
14:0C:76:ED:B4:45, 2019-03-18 10:53:29, 2019-03-18 10:54:40,  3,  54, OPN, ,   , -54,        8,        0,   0.  0.  0.  0,   8, FreeWifi, 
14:0C:76:ED:B4:44, 2019-03-18 10:53:28, 2019-03-18 10:54:40,  3,  54, WPA, CCMP TKIP,PSK, -54,       10,        0,   0.  0.  0.  0,   7, rst2015, 
40:18:B1:97:6B:97, 2019-03-18 10:53:16, 2019-03-18 10:54:38,  1,  54, WPA2, CCMP,PSK, -53,        2,        6,   0.  0.  0.  0,   3, ESL, 
B2:E1:7B:1F:96:64, 2019-03-18 10:53:21, 2019-03-18 10:54:38,  1,  54, WPA2, CCMP,PSK, -53,        8,        0,   0.  0.  0.  0,  10, Coucou toi, 
22:47:DA:C3:46:25, 2019-03-18 10:54:27, 2019-03-18 10:54:43,  6,  54, WPA2, CCMP,PSK, -50,        7,        0,   0.  0.  0.  0,  13, Bush did 9/11, 
40:18:B1:97:60:D6, 2019-03-18 10:53:21, 2019-03-18 10:54:38,  6,  54, WPA2, CCMP,PSK, -50,        0,        0,   0.  0.  0.  0,  11, ESME-Sudria, 
F4:CA:E5:A7:BA:A9, 2019-03-18 10:53:18, 2019-03-18 10:54:37,  5,  54, OPN, ,   , -50,       13,        0,   0.  0.  0.  0,   8, FreeWifi, 
B4:C0:F5:44:FC:18, 2019-03-18 10:53:19, 2019-03-18 10:54:35,  6,  54, WPA2, CCMP,PSK, -50,       31,        0,   0.  0.  0.  0,   5, View2, 
F4:CA:E5:A7:BA:AA, 2019-03-18 10:53:20, 2019-03-18 10:54:37,  5,  54, WPA2, CCMP TKIP, MGT, -50,       12,        0,   0.  0.  0.  0,  15, FreeWifi_secure, 
40:18:B1:96:E9:98, 2019-03-18 10:53:31, 2019-03-18 10:54:27, 11,  54, WPA2, CCMP,PSK, -49,        1,        4,   0.  0.  0.  0,   3, ESL, 
10:8E:E0:46:74:52, 2019-03-18 10:53:20, 2019-03-18 10:54:43, 11,  54, WPA2, CCMP,PSK, -49,       16,        0,   0.  0.  0.  0,  13, AndroidAP7452, 
F4:CA:E5:A7:BA:A8, 2019-03-18 10:53:18, 2019-03-18 10:54:37,  5,  54, WPA, CCMP,PSK, -49,       12,        0,   0.  0.  0.  0,  14, Freebox-551EC0, 
B4:86:55:61:9F:6E, 2019-03-18 10:53:20, 2019-03-18 10:54:43, 11,  54, WPA2, CCMP,PSK, -46,       30,        2,   0.  0.  0.  0,  22, "Huawei de Anne-Claire ", 
40:18:B1:97:60:D7, 2019-03-18 10:54:27, 2019-03-18 10:54:27,  6,  54, WPA2, CCMP,PSK, -48,        0,        0,   0.  0.  0.  0,  19, ESME-Sudria Invites, 
32:35:AD:74:DB:1F, 2019-03-18 10:53:21, 2019-03-18 10:54:45,  1,  54, WPA2, CCMP,PSK, -48,       23,        0,   0.  0.  0.  0,  19, iPhone de Alexandra, 
2E:0E:3D:E9:2C:1D, 2019-03-18 10:53:22, 2019-03-18 10:54:45,  1,  54, WPA2, CCMP,PSK, -45,       29,        0,   0.  0.  0.  0,   9, Mplouplou, 
40:18:B1:CC:20:98, 2019-03-18 10:53:20, 2019-03-18 10:54:42, 11,  54, WPA2, CCMP,PSK, -41,       17,        0,   0.  0.  0.  0,  21, ESME-Sudria Visiteurs, 
40:18:B1:CC:20:97, 2019-03-18 10:53:20, 2019-03-18 10:54:42, 11,  54, WPA2, CCMP,PSK, -41,       15,       14,   0.  0.  0.  0,  11, ESME-Sudria, 
40:18:B1:CC:20:94, 2019-03-18 10:53:20, 2019-03-18 10:54:32, 11,  54, WPA2, CCMP,PSK, -41,       12,        0,   0.  0.  0.  0,  19, ESME-Sudria Invites, 
40:18:B1:CC:20:95, 2019-03-18 10:53:20, 2019-03-18 10:54:37, 11,  54, WPA2, CCMP,PSK, -41,       13,        0,   0.  0.  0.  0,   3, ESL, 
40:18:B1:CC:20:99, 2019-03-18 10:53:20, 2019-03-18 10:54:32, 11,  54, WPA2, CCMP,PSK, -40,       19,        0,   0.  0.  0.  0,  11, Labo_Reseau, 
40:18:B1:97:5E:95, 2019-03-18 10:53:21, 2019-03-18 10:54:43,  6,  54, WPA2, CCMP,PSK, -39,       10,        0,   0.  0.  0.  0,  11, Labo_Reseau, 
B8:D9:4D:F6:11:3E, 2019-03-18 10:53:16, 2019-03-18 10:54:42, 11,  54, WPA2 WPA, CCMP TKIP,PSK, -40,       51,        0,   0.  0.  0.  0,   8, SFR-1138, 
40:18:B1:97:5E:98, 2019-03-18 10:53:21, 2019-03-18 10:54:43,  6,  54, WPA2, CCMP,PSK, -39,       20,        0,   0.  0.  0.  0,   3, ESL, 
40:18:B1:97:5E:96, 2019-03-18 10:53:21, 2019-03-18 10:54:43,  6,  54, WPA2, CCMP,PSK, -40,       13,        2,   0.  0.  0.  0,  11, ESME-Sudria, 
0A:C5:E1:B8:24:D2, 2019-03-18 10:53:16, 2019-03-18 10:54:44, 11,  54, WPA2, CCMP,PSK, -38,       44,        0,   0.  0.  0.  0,  13, AndroidAP7469, 
40:18:B1:97:5E:99, 2019-03-18 10:53:21, 2019-03-18 10:54:43,  6,  54, WPA2, CCMP,PSK, -38,       12,        0,   0.  0.  0.  0,  21, ESME-Sudria Visiteurs, 
40:18:B1:97:5E:97, 2019-03-18 10:53:21, 2019-03-18 10:54:43,  6,  54, WPA2, CCMP,PSK, -39,       13,        0,   0.  0.  0.  0,  19, ESME-Sudria Invites, 
40:18:B1:97:6C:D8, 2019-03-18 10:53:16, 2019-03-18 10:54:44,  1,  54, WPA2, CCMP,PSK, -34,       32,      270,   0.  0.  0.  0,   3, ESL, 
40:18:B1:97:6C:D9, 2019-03-18 10:53:16, 2019-03-18 10:54:43,  1,  54, WPA2, CCMP,PSK, -33,       36,        0,   0.  0.  0.  0,  21, ESME-Sudria Visiteurs, 
40:18:B1:97:6C:D7, 2019-03-18 10:53:16, 2019-03-18 10:54:43,  1,  54, WPA2, CCMP,PSK, -34,       32,        0,   0.  0.  0.  0,  19, ESME-Sudria Invites, 
40:18:B1:97:6C:D6, 2019-03-18 10:53:16, 2019-03-18 10:54:43,  1,  54, WPA2, CCMP,PSK, -35,       30,        3,   0.  0.  0.  0,  11, ESME-Sudria, 
40:18:B1:97:6C:D5, 2019-03-18 10:53:16, 2019-03-18 10:54:43,  1,  54, WPA2, CCMP,PSK, -32,       28,        0,   0.  0.  0.  0,  11, Labo_Reseau, 
B2:19:C6:BF:6C:FD, 2019-03-18 10:53:17, 2019-03-18 10:54:45,  6,  54, WPA2, CCMP,PSK, -33,       90,        0,   0.  0.  0.  0,  15, iPhone de Bryan, 
40:18:B1:94:C4:D6, 2019-03-18 10:53:17, 2019-03-18 10:54:42, 11,  54, WPA2, CCMP,PSK, -54,        1,       67,   0.  0.  0.  0,  11, ESME-Sudria, 
